voivodeship,fit error per day,lowest error,visibility,mortality,beta,runs,first day,last day,shift,timestamp,fname
małopolskie,22692.64,True,0.65,2.000,0.02750,12,30,143,30,2022-02-10 22:52:04,"C:/Users/HAL/PycharmProjects/ABM/RESULTS/Małopolskie/Runs=12___Grid_size=(38, 38)___N=787___Customers_in_household=3___Infected_cashiers_at_start=38___Infect_housemates_boolean=0/raw data/Id=0001___Beta_mortality_pair=(0.028, 0.02)___Visibility=0.65.csv"
małopolskie,24132.26,False,0.65,2.000,0.02500,12,30,143,30,2022-02-10 22:51:00,"C:/Users/HAL/PycharmProjects/ABM/RESULTS/Małopolskie/Runs=12___Grid_size=(38, 38)___N=787___Customers_in_household=3___Infected_cashiers_at_start=38___Infect_housemates_boolean=0/raw data/Id=0000___Beta_mortality_pair=(0.025, 0.02)___Visibility=0.65.csv"
małopolskie,26494.25,False,0.65,1.750,0.02763,12,30,143,30,2022-02-10 22:54:14,"C:/Users/HAL/PycharmProjects/ABM/RESULTS/Małopolskie/Runs=12___Grid_size=(38, 38)___N=787___Customers_in_household=3___Infected_cashiers_at_start=38___Infect_housemates_boolean=0/raw data/Id=0003___Beta_mortality_pair=(0.028, 0.018)___Visibility=0.65.csv"
małopolskie,26545.24,False,0.65,1.999,0.02688,12,30,143,30,2022-02-10 22:58:33,"C:/Users/HAL/PycharmProjects/ABM/RESULTS/Małopolskie/Runs=12___Grid_size=(38, 38)___N=787___Customers_in_household=3___Infected_cashiers_at_start=38___Infect_housemates_boolean=0/raw data/Id=0007___Beta_mortality_pair=(0.027, 0.02)___Visibility=0.65.csv"
małopolskie,26605.37,False,0.65,2.062,0.02758,12,30,143,30,2022-02-10 22:56:24,"C:/Users/HAL/PycharmProjects/ABM/RESULTS/Małopolskie/Runs=12___Grid_size=(38, 38)___N=787___Customers_in_household=3___Infected_cashiers_at_start=38___Infect_housemates_boolean=0/raw data/Id=0005___Beta_mortality_pair=(0.028, 0.021)___Visibility=0.65.csv"
małopolskie,28397.47,False,0.65,1.875,0.02756,12,30,143,30,2022-02-10 22:55:19,"C:/Users/HAL/PycharmProjects/ABM/RESULTS/Małopolskie/Runs=12___Grid_size=(38, 38)___N=787___Customers_in_household=3___Infected_cashiers_at_start=38___Infect_housemates_boolean=0/raw data/Id=0004___Beta_mortality_pair=(0.028, 0.019)___Visibility=0.65.csv"
małopolskie,36035.51,False,0.65,1.996,0.02781,12,30,143,30,2022-02-10 22:57:30,"C:/Users/HAL/PycharmProjects/ABM/RESULTS/Małopolskie/Runs=12___Grid_size=(38, 38)___N=787___Customers_in_household=3___Infected_cashiers_at_start=38___Infect_housemates_boolean=0/raw data/Id=0006___Beta_mortality_pair=(0.028, 0.02)___Visibility=0.65.csv"
małopolskie,48674.53,False,0.65,2.016,0.02750,12,30,143,30,2022-02-10 23:00:36,"C:/Users/HAL/PycharmProjects/ABM/RESULTS/Małopolskie/Runs=12___Grid_size=(38, 38)___N=787___Customers_in_household=3___Infected_cashiers_at_start=38___Infect_housemates_boolean=0/raw data/Id=0009___Beta_mortality_pair=(0.028, 0.02)___Visibility=0.65.csv"
małopolskie,49616.43,False,0.65,1.977,0.02771,12,30,143,30,2022-02-10 22:59:34,"C:/Users/HAL/PycharmProjects/ABM/RESULTS/Małopolskie/Runs=12___Grid_size=(38, 38)___N=787___Customers_in_household=3___Infected_cashiers_at_start=38___Infect_housemates_boolean=0/raw data/Id=0008___Beta_mortality_pair=(0.028, 0.02)___Visibility=0.65.csv"
małopolskie,51045.71,False,0.65,2.250,0.02750,12,30,143,30,2022-02-10 22:53:10,"C:/Users/HAL/PycharmProjects/ABM/RESULTS/Małopolskie/Runs=12___Grid_size=(38, 38)___N=787___Customers_in_household=3___Infected_cashiers_at_start=38___Infect_housemates_boolean=0/raw data/Id=0002___Beta_mortality_pair=(0.028, 0.022)___Visibility=0.65.csv"
opolskie,18.26,True,0.65,1.906,0.01880,12,49,183,-66,2022-02-10 23:02:53,"C:/Users/HAL/PycharmProjects/ABM/RESULTS/Opolskie/Runs=12___Grid_size=(20, 20)___N=818___Customers_in_household=3___Infected_cashiers_at_start=20___Infect_housemates_boolean=0/raw data/Id=0014___Beta_mortality_pair=(0.019, 0.019)___Visibility=0.65.csv"
opolskie,19.15,False,0.65,2.000,0.01838,12,49,183,-63,2022-02-10 00:09:51,"C:/Users/HAL/PycharmProjects/ABM/RESULTS/Opolskie/Runs=12___Grid_size=(20, 20)___N=818___Customers_in_household=3___Infected_cashiers_at_start=20___Infect_housemates_boolean=0/raw data/Id=0007___Beta_mortality_pair=(0.018, 0.02)___Visibility=0.65.csv"
opolskie,30.29,False,0.65,2.031,0.01872,12,49,183,-66,2022-02-10 23:03:31,"C:/Users/HAL/PycharmProjects/ABM/RESULTS/Opolskie/Runs=12___Grid_size=(20, 20)___N=818___Customers_in_household=3___Infected_cashiers_at_start=20___Infect_housemates_boolean=0/raw data/Id=0016___Beta_mortality_pair=(0.019, 0.02)___Visibility=0.65.csv"
opolskie,66.84,False,0.65,1.891,0.01819,12,49,183,-66,2022-02-10 23:04:08,"C:/Users/HAL/PycharmProjects/ABM/RESULTS/Opolskie/Runs=12___Grid_size=(20, 20)___N=818___Customers_in_household=3___Infected_cashiers_at_start=20___Infect_housemates_boolean=0/raw data/Id=0018___Beta_mortality_pair=(0.018, 0.019)___Visibility=0.65.csv"
opolskie,68.89,False,0.65,2.000,0.01934,12,49,183,-18,2022-02-10 00:09:32,"C:/Users/HAL/PycharmProjects/ABM/RESULTS/Opolskie/Runs=12___Grid_size=(20, 20)___N=818___Customers_in_household=3___Infected_cashiers_at_start=20___Infect_housemates_boolean=0/raw data/Id=0006___Beta_mortality_pair=(0.019, 0.02)___Visibility=0.65.csv"
opolskie,89.22,False,0.65,1.907,0.02005,12,49,183,-23,2022-02-10 23:03:49,"C:/Users/HAL/PycharmProjects/ABM/RESULTS/Opolskie/Runs=12___Grid_size=(20, 20)___N=818___Customers_in_household=3___Infected_cashiers_at_start=20___Infect_housemates_boolean=0/raw data/Id=0017___Beta_mortality_pair=(0.02, 0.019)___Visibility=0.65.csv"
opolskie,133.04,False,0.65,2.000,0.01746,12,49,183,-66,2022-02-10 00:10:11,"C:/Users/HAL/PycharmProjects/ABM/RESULTS/Opolskie/Runs=12___Grid_size=(20, 20)___N=818___Customers_in_household=3___Infected_cashiers_at_start=20___Infect_housemates_boolean=0/raw data/Id=0008___Beta_mortality_pair=(0.017, 0.02)___Visibility=0.65.csv"
opolskie,197.12,False,0.65,2.000,0.02036,12,49,183,3,2022-02-10 00:09:13,"C:/Users/HAL/PycharmProjects/ABM/RESULTS/Opolskie/Runs=12___Grid_size=(20, 20)___N=818___Customers_in_household=3___Infected_cashiers_at_start=20___Infect_housemates_boolean=0/raw data/Id=0005___Beta_mortality_pair=(0.02, 0.02)___Visibility=0.65.csv"
opolskie,324.32,False,0.65,1.969,0.02122,12,49,183,23,2022-02-10 23:02:34,"C:/Users/HAL/PycharmProjects/ABM/RESULTS/Opolskie/Runs=12___Grid_size=(20, 20)___N=818___Customers_in_household=3___Infected_cashiers_at_start=20___Infect_housemates_boolean=0/raw data/Id=0013___Beta_mortality_pair=(0.021, 0.02)___Visibility=0.65.csv"
opolskie,354.34,False,0.65,2.000,0.02143,12,49,183,22,2022-02-10 00:08:53,"C:/Users/HAL/PycharmProjects/ABM/RESULTS/Opolskie/Runs=12___Grid_size=(20, 20)___N=818___Customers_in_household=3___Infected_cashiers_at_start=20___Infect_housemates_boolean=0/raw data/Id=0004___Beta_mortality_pair=(0.021, 0.02)___Visibility=0.65.csv"
opolskie,393.48,False,0.65,1.795,0.01656,12,49,183,-66,2022-02-10 23:03:13,"C:/Users/HAL/PycharmProjects/ABM/RESULTS/Opolskie/Runs=12___Grid_size=(20, 20)___N=818___Customers_in_household=3___Infected_cashiers_at_start=20___Infect_housemates_boolean=0/raw data/Id=0015___Beta_mortality_pair=(0.017, 0.018)___Visibility=0.65.csv"
opolskie,404.46,False,0.65,2.000,0.02256,12,49,183,27,2022-02-10 00:08:33,"C:/Users/HAL/PycharmProjects/ABM/RESULTS/Opolskie/Runs=12___Grid_size=(20, 20)___N=818___Customers_in_household=3___Infected_cashiers_at_start=20___Infect_housemates_boolean=0/raw data/Id=0003___Beta_mortality_pair=(0.023, 0.02)___Visibility=0.65.csv"
opolskie,469.68,False,0.65,1.822,0.02324,12,49,183,32,2022-02-10 23:02:15,"C:/Users/HAL/PycharmProjects/ABM/RESULTS/Opolskie/Runs=12___Grid_size=(20, 20)___N=818___Customers_in_household=3___Infected_cashiers_at_start=20___Infect_housemates_boolean=0/raw data/Id=0012___Beta_mortality_pair=(0.023, 0.018)___Visibility=0.65.csv"
opolskie,637.27,False,0.65,2.000,0.02375,12,49,183,49,2022-02-10 00:07:51,"C:/Users/HAL/PycharmProjects/ABM/RESULTS/Opolskie/Runs=12___Grid_size=(20, 20)___N=818___Customers_in_household=3___Infected_cashiers_at_start=20___Infect_housemates_boolean=0/raw data/Id=0001___Beta_mortality_pair=(0.024, 0.02)___Visibility=0.65.csv"
opolskie,667.26,False,0.65,2.000,0.02500,12,49,183,49,2022-02-10 23:01:19,"C:/Users/HAL/PycharmProjects/ABM/RESULTS/Opolskie/Runs=12___Grid_size=(20, 20)___N=818___Customers_in_household=3___Infected_cashiers_at_start=20___Infect_housemates_boolean=0/raw data/Id=0009___Beta_mortality_pair=(0.025, 0.02)___Visibility=0.65.csv"
opolskie,1062.89,False,0.65,2.000,0.02500,12,49,183,49,2022-02-10 00:07:31,"C:/Users/HAL/PycharmProjects/ABM/RESULTS/Opolskie/Runs=12___Grid_size=(20, 20)___N=818___Customers_in_household=3___Infected_cashiers_at_start=20___Infect_housemates_boolean=0/raw data/Id=0000___Beta_mortality_pair=(0.025, 0.02)___Visibility=0.65.csv"
opolskie,1119.30,False,0.65,2.000,0.02625,12,49,183,49,2022-02-10 00:08:12,"C:/Users/HAL/PycharmProjects/ABM/RESULTS/Opolskie/Runs=12___Grid_size=(20, 20)___N=818___Customers_in_household=3___Infected_cashiers_at_start=20___Infect_housemates_boolean=0/raw data/Id=0002___Beta_mortality_pair=(0.026, 0.02)___Visibility=0.65.csv"
opolskie,1728.18,False,0.65,2.000,0.02750,12,49,183,49,2022-02-10 23:01:37,"C:/Users/HAL/PycharmProjects/ABM/RESULTS/Opolskie/Runs=12___Grid_size=(20, 20)___N=818___Customers_in_household=3___Infected_cashiers_at_start=20___Infect_housemates_boolean=0/raw data/Id=0010___Beta_mortality_pair=(0.028, 0.02)___Visibility=0.65.csv"
opolskie,1739.54,False,0.65,2.250,0.02500,12,49,183,49,2022-02-10 23:01:56,"C:/Users/HAL/PycharmProjects/ABM/RESULTS/Opolskie/Runs=12___Grid_size=(20, 20)___N=818___Customers_in_household=3___Infected_cashiers_at_start=20___Infect_housemates_boolean=0/raw data/Id=0011___Beta_mortality_pair=(0.025, 0.022)___Visibility=0.65.csv"
wielkopolskie,5890.62,True,0.65,1.374,0.01795,12,32,193,22,2022-02-10 22:47:36,"C:/Users/HAL/PycharmProjects/ABM/RESULTS/Wielkopolskie/Runs=12___Grid_size=(41, 41)___N=693___Customers_in_household=3___Infected_cashiers_at_start=41___Infect_housemates_boolean=0/raw data/Id=0008___Beta_mortality_pair=(0.018, 0.014)___Visibility=0.65.csv"
wielkopolskie,6258.06,False,0.65,1.331,0.01912,12,32,193,20,2022-02-10 22:45:26,"C:/Users/HAL/PycharmProjects/ABM/RESULTS/Wielkopolskie/Runs=12___Grid_size=(41, 41)___N=693___Customers_in_household=3___Infected_cashiers_at_start=41___Infect_housemates_boolean=0/raw data/Id=0006___Beta_mortality_pair=(0.019, 0.013)___Visibility=0.65.csv"
wielkopolskie,6650.54,False,0.65,1.494,0.01833,12,32,193,26,2022-02-10 22:48:41,"C:/Users/HAL/PycharmProjects/ABM/RESULTS/Wielkopolskie/Runs=12___Grid_size=(41, 41)___N=693___Customers_in_household=3___Infected_cashiers_at_start=41___Infect_housemates_boolean=0/raw data/Id=0009___Beta_mortality_pair=(0.018, 0.015)___Visibility=0.65.csv"
wielkopolskie,8293.20,False,0.65,1.527,0.02067,12,32,193,32,2022-02-10 22:44:26,"C:/Users/HAL/PycharmProjects/ABM/RESULTS/Wielkopolskie/Runs=12___Grid_size=(41, 41)___N=693___Customers_in_household=3___Infected_cashiers_at_start=41___Infect_housemates_boolean=0/raw data/Id=0005___Beta_mortality_pair=(0.021, 0.015)___Visibility=0.65.csv"
wielkopolskie,9321.63,False,0.65,1.248,0.02005,12,32,193,32,2022-02-10 22:46:29,"C:/Users/HAL/PycharmProjects/ABM/RESULTS/Wielkopolskie/Runs=12___Grid_size=(41, 41)___N=693___Customers_in_household=3___Infected_cashiers_at_start=41___Infect_housemates_boolean=0/raw data/Id=0007___Beta_mortality_pair=(0.02, 0.012)___Visibility=0.65.csv"
wielkopolskie,29961.08,False,0.65,1.777,0.02061,12,32,193,32,2022-02-10 22:43:25,"C:/Users/HAL/PycharmProjects/ABM/RESULTS/Wielkopolskie/Runs=12___Grid_size=(41, 41)___N=693___Customers_in_household=3___Infected_cashiers_at_start=41___Infect_housemates_boolean=0/raw data/Id=0004___Beta_mortality_pair=(0.021, 0.018)___Visibility=0.65.csv"
wielkopolskie,53020.03,False,0.65,1.849,0.02300,12,32,193,32,2022-02-10 22:42:22,"C:/Users/HAL/PycharmProjects/ABM/RESULTS/Wielkopolskie/Runs=12___Grid_size=(41, 41)___N=693___Customers_in_household=3___Infected_cashiers_at_start=41___Infect_housemates_boolean=0/raw data/Id=0003___Beta_mortality_pair=(0.023, 0.018)___Visibility=0.65.csv"
wielkopolskie,103741.61,False,0.65,2.000,0.02500,12,32,193,32,2022-02-10 22:39:18,"C:/Users/HAL/PycharmProjects/ABM/RESULTS/Wielkopolskie/Runs=12___Grid_size=(41, 41)___N=693___Customers_in_household=3___Infected_cashiers_at_start=41___Infect_housemates_boolean=0/raw data/Id=0000___Beta_mortality_pair=(0.025, 0.02)___Visibility=0.65.csv"
wielkopolskie,119338.76,False,0.65,2.250,0.02500,12,32,193,32,2022-02-10 22:41:19,"C:/Users/HAL/PycharmProjects/ABM/RESULTS/Wielkopolskie/Runs=12___Grid_size=(41, 41)___N=693___Customers_in_household=3___Infected_cashiers_at_start=41___Infect_housemates_boolean=0/raw data/Id=0002___Beta_mortality_pair=(0.025, 0.022)___Visibility=0.65.csv"
wielkopolskie,124423.69,False,0.65,2.000,0.02750,12,32,193,32,2022-02-10 22:40:19,"C:/Users/HAL/PycharmProjects/ABM/RESULTS/Wielkopolskie/Runs=12___Grid_size=(41, 41)___N=693___Customers_in_household=3___Infected_cashiers_at_start=41___Infect_housemates_boolean=0/raw data/Id=0001___Beta_mortality_pair=(0.028, 0.02)___Visibility=0.65.csv"
łódzkie,23.71,True,0.65,1.438,0.02501,12,34,118,16,2022-02-10 18:53:49,"C:/Users/HAL/PycharmProjects/ABM/RESULTS/Łódzkie/Runs=12___Grid_size=(33, 33)___N=751___Customers_in_household=3___Infected_cashiers_at_start=33___Infect_housemates_boolean=0/raw data/Id=0124___Beta_mortality_pair=(0.025, 0.014)___Visibility=0.65.csv"
łódzkie,29.09,False,0.65,1.438,0.02477,12,34,118,16,2022-02-10 19:03:02,"C:/Users/HAL/PycharmProjects/ABM/RESULTS/Łódzkie/Runs=12___Grid_size=(33, 33)___N=751___Customers_in_household=3___Infected_cashiers_at_start=33___Infect_housemates_boolean=0/raw data/Id=0136___Beta_mortality_pair=(0.025, 0.014)___Visibility=0.65.csv"
łódzkie,29.94,False,0.65,1.957,0.02284,12,34,118,16,2022-02-10 22:29:35,"C:/Users/HAL/PycharmProjects/ABM/RESULTS/Łódzkie/Runs=12___Grid_size=(33, 33)___N=751___Customers_in_household=3___Infected_cashiers_at_start=33___Infect_housemates_boolean=0/raw data/Id=0158___Beta_mortality_pair=(0.023, 0.02)___Visibility=0.65.csv"
łódzkie,29.96,False,0.65,1.942,0.02257,12,34,118,20,2022-02-10 22:25:54,"C:/Users/HAL/PycharmProjects/ABM/RESULTS/Łódzkie/Runs=12___Grid_size=(33, 33)___N=751___Customers_in_household=3___Infected_cashiers_at_start=33___Infect_housemates_boolean=0/raw data/Id=0153___Beta_mortality_pair=(0.023, 0.019)___Visibility=0.65.csv"
łódzkie,30.10,False,0.65,2.051,0.02196,12,34,118,18,2022-02-10 22:27:21,"C:/Users/HAL/PycharmProjects/ABM/RESULTS/Łódzkie/Runs=12___Grid_size=(33, 33)___N=751___Customers_in_household=3___Infected_cashiers_at_start=33___Infect_housemates_boolean=0/raw data/Id=0155___Beta_mortality_pair=(0.022, 0.021)___Visibility=0.65.csv"
łódzkie,30.49,False,0.65,2.000,0.02500,12,34,118,21,2022-02-10 13:08:54,"C:/Users/HAL/PycharmProjects/ABM/RESULTS/Łódzkie/Runs=12___Grid_size=(33, 33)___N=751___Customers_in_household=3___Infected_cashiers_at_start=33___Infect_housemates_boolean=0/raw data/Id=0099___Beta_mortality_pair=(0.025, 0.02)___Visibility=0.65.csv"
łódzkie,31.61,False,0.65,1.437,0.02505,12,34,118,19,2022-02-10 19:04:28,"C:/Users/HAL/PycharmProjects/ABM/RESULTS/Łódzkie/Runs=12___Grid_size=(33, 33)___N=751___Customers_in_household=3___Infected_cashiers_at_start=33___Infect_housemates_boolean=0/raw data/Id=0138___Beta_mortality_pair=(0.025, 0.014)___Visibility=0.65.csv"
łódzkie,33.11,False,0.65,1.436,0.02526,12,34,118,12,2022-02-10 18:58:47,"C:/Users/HAL/PycharmProjects/ABM/RESULTS/Łódzkie/Runs=12___Grid_size=(33, 33)___N=751___Customers_in_household=3___Infected_cashiers_at_start=33___Infect_housemates_boolean=0/raw data/Id=0130___Beta_mortality_pair=(0.025, 0.014)___Visibility=0.65.csv"
łódzkie,34.90,False,0.65,2.000,0.02500,12,34,118,22,2022-02-10 13:06:04,"C:/Users/HAL/PycharmProjects/ABM/RESULTS/Łódzkie/Runs=12___Grid_size=(33, 33)___N=751___Customers_in_household=3___Infected_cashiers_at_start=33___Infect_housemates_boolean=0/raw data/Id=0095___Beta_mortality_pair=(0.025, 0.02)___Visibility=0.65.csv"
łódzkie,35.86,False,0.65,2.000,0.02500,12,34,118,20,2022-02-10 13:06:46,"C:/Users/HAL/PycharmProjects/ABM/RESULTS/Łódzkie/Runs=12___Grid_size=(33, 33)___N=751___Customers_in_household=3___Infected_cashiers_at_start=33___Infect_housemates_boolean=0/raw data/Id=0096___Beta_mortality_pair=(0.025, 0.02)___Visibility=0.65.csv"
łódzkie,36.39,False,0.65,1.500,0.02500,12,34,118,20,2022-02-10 18:50:12,"C:/Users/HAL/PycharmProjects/ABM/RESULTS/Łódzkie/Runs=12___Grid_size=(33, 33)___N=751___Customers_in_household=3___Infected_cashiers_at_start=33___Infect_housemates_boolean=0/raw data/Id=0120___Beta_mortality_pair=(0.025, 0.015)___Visibility=0.65.csv"
łódzkie,37.04,False,0.65,1.438,0.02520,12,34,118,15,2022-02-10 19:02:20,"C:/Users/HAL/PycharmProjects/ABM/RESULTS/Łódzkie/Runs=12___Grid_size=(33, 33)___N=751___Customers_in_household=3___Infected_cashiers_at_start=33___Infect_housemates_boolean=0/raw data/Id=0135___Beta_mortality_pair=(0.025, 0.014)___Visibility=0.65.csv"
łódzkie,38.12,False,0.65,1.900,0.02500,12,34,118,23,2022-02-09 23:43:28,"C:/Users/HAL/PycharmProjects/ABM/RESULTS/Łódzkie/Runs=12___Grid_size=(33, 33)___N=751___Customers_in_household=3___Infected_cashiers_at_start=33___Infect_housemates_boolean=0/raw data/Id=0033___Beta_mortality_pair=(0.025, 0.019)___Visibility=0.65.csv"
łódzkie,39.53,False,0.65,1.882,0.02313,12,34,118,17,2022-02-10 22:11:35,"C:/Users/HAL/PycharmProjects/ABM/RESULTS/Łódzkie/Runs=12___Grid_size=(33, 33)___N=751___Customers_in_household=3___Infected_cashiers_at_start=33___Infect_housemates_boolean=0/raw data/Id=0148___Beta_mortality_pair=(0.023, 0.019)___Visibility=0.65.csv"
łódzkie,39.86,False,0.65,1.453,0.02393,12,34,118,19,2022-02-10 18:55:57,"C:/Users/HAL/PycharmProjects/ABM/RESULTS/Łódzkie/Runs=12___Grid_size=(33, 33)___N=751___Customers_in_household=3___Infected_cashiers_at_start=33___Infect_housemates_boolean=0/raw data/Id=0126___Beta_mortality_pair=(0.024, 0.015)___Visibility=0.65.csv"
łódzkie,39.94,False,0.65,3.000,0.02000,12,34,118,23,2022-02-10 12:41:52,"C:/Users/HAL/PycharmProjects/ABM/RESULTS/Łódzkie/Runs=12___Grid_size=(33, 33)___N=751___Customers_in_household=3___Infected_cashiers_at_start=33___Infect_housemates_boolean=0/raw data/Id=0061___Beta_mortality_pair=(0.02, 0.03)___Visibility=0.65.csv"
łódzkie,40.37,False,0.65,1.990,0.02375,12,34,118,21,2022-02-10 22:10:52,"C:/Users/HAL/PycharmProjects/ABM/RESULTS/Łódzkie/Runs=12___Grid_size=(33, 33)___N=751___Customers_in_household=3___Infected_cashiers_at_start=33___Infect_housemates_boolean=0/raw data/Id=0147___Beta_mortality_pair=(0.024, 0.02)___Visibility=0.65.csv"
łódzkie,40.49,False,0.65,1.438,0.02403,12,34,118,11,2022-02-10 19:00:55,"C:/Users/HAL/PycharmProjects/ABM/RESULTS/Łódzkie/Runs=12___Grid_size=(33, 33)___N=751___Customers_in_household=3___Infected_cashiers_at_start=33___Infect_housemates_boolean=0/raw data/Id=0133___Beta_mortality_pair=(0.024, 0.014)___Visibility=0.65.csv"
łódzkie,40.90,False,0.65,1.937,0.02201,12,34,118,16,2022-02-10 22:12:17,"C:/Users/HAL/PycharmProjects/ABM/RESULTS/Łódzkie/Runs=12___Grid_size=(33, 33)___N=751___Customers_in_household=3___Infected_cashiers_at_start=33___Infect_housemates_boolean=0/raw data/Id=0149___Beta_mortality_pair=(0.022, 0.019)___Visibility=0.65.csv"
łódzkie,41.28,False,0.65,2.111,0.02444,12,34,118,20,2022-02-10 12:46:09,"C:/Users/HAL/PycharmProjects/ABM/RESULTS/Łódzkie/Runs=12___Grid_size=(33, 33)___N=751___Customers_in_household=3___Infected_cashiers_at_start=33___Infect_housemates_boolean=0/raw data/Id=0067___Beta_mortality_pair=(0.024, 0.021)___Visibility=0.65.csv"
łódzkie,42.20,False,0.65,2.008,0.02496,12,34,118,26,2022-02-10 12:52:33,"C:/Users/HAL/PycharmProjects/ABM/RESULTS/Łódzkie/Runs=12___Grid_size=(33, 33)___N=751___Customers_in_household=3___Infected_cashiers_at_start=33___Infect_housemates_boolean=0/raw data/Id=0076___Beta_mortality_pair=(0.025, 0.02)___Visibility=0.65.csv"
łódzkie,42.23,False,0.65,2.000,0.02500,12,34,118,22,2022-02-09 23:42:43,"C:/Users/HAL/PycharmProjects/ABM/RESULTS/Łódzkie/Runs=12___Grid_size=(33, 33)___N=751___Customers_in_household=3___Infected_cashiers_at_start=33___Infect_housemates_boolean=0/raw data/Id=0032___Beta_mortality_pair=(0.025, 0.02)___Visibility=0.65.csv"
łódzkie,42.75,False,0.65,2.000,0.02500,12,34,118,22,2022-02-10 14:32:07,"C:/Users/HAL/PycharmProjects/ABM/RESULTS/Łódzkie/Runs=12___Grid_size=(33, 33)___N=751___Customers_in_household=3___Infected_cashiers_at_start=33___Infect_housemates_boolean=0/raw data/Id=0110___Beta_mortality_pair=(0.025, 0.02)___Visibility=0.65.csv"
łódzkie,43.54,False,0.65,1.438,0.02506,12,34,118,19,2022-02-10 19:03:45,"C:/Users/HAL/PycharmProjects/ABM/RESULTS/Łódzkie/Runs=12___Grid_size=(33, 33)___N=751___Customers_in_household=3___Infected_cashiers_at_start=33___Infect_housemates_boolean=0/raw data/Id=0137___Beta_mortality_pair=(0.025, 0.014)___Visibility=0.65.csv"
łódzkie,43.79,False,0.65,1.437,0.02491,12,34,118,18,2022-02-10 19:05:11,"C:/Users/HAL/PycharmProjects/ABM/RESULTS/Łódzkie/Runs=12___Grid_size=(33, 33)___N=751___Customers_in_household=3___Infected_cashiers_at_start=33___Infect_housemates_boolean=0/raw data/Id=0139___Beta_mortality_pair=(0.025, 0.014)___Visibility=0.65.csv"
łódzkie,43.84,False,0.65,1.943,0.02292,12,34,118,16,2022-02-10 22:30:18,"C:/Users/HAL/PycharmProjects/ABM/RESULTS/Łódzkie/Runs=12___Grid_size=(33, 33)___N=751___Customers_in_household=3___Infected_cashiers_at_start=33___Infect_housemates_boolean=0/raw data/Id=0159___Beta_mortality_pair=(0.023, 0.019)___Visibility=0.65.csv"
łódzkie,44.69,False,0.65,1.911,0.02202,12,34,118,21,2022-02-10 22:28:51,"C:/Users/HAL/PycharmProjects/ABM/RESULTS/Łódzkie/Runs=12___Grid_size=(33, 33)___N=751___Customers_in_household=3___Infected_cashiers_at_start=33___Infect_housemates_boolean=0/raw data/Id=0157___Beta_mortality_pair=(0.022, 0.019)___Visibility=0.65.csv"
łódzkie,46.31,False,0.65,1.437,0.02511,12,34,118,15,2022-02-10 19:01:37,"C:/Users/HAL/PycharmProjects/ABM/RESULTS/Łódzkie/Runs=12___Grid_size=(33, 33)___N=751___Customers_in_household=3___Infected_cashiers_at_start=33___Infect_housemates_boolean=0/raw data/Id=0134___Beta_mortality_pair=(0.025, 0.014)___Visibility=0.65.csv"
łódzkie,46.44,False,0.65,2.000,0.02500,12,34,118,24,2022-02-10 13:07:28,"C:/Users/HAL/PycharmProjects/ABM/RESULTS/Łódzkie/Runs=12___Grid_size=(33, 33)___N=751___Customers_in_household=3___Infected_cashiers_at_start=33___Infect_housemates_boolean=0/raw data/Id=0097___Beta_mortality_pair=(0.025, 0.02)___Visibility=0.65.csv"
łódzkie,48.63,False,0.65,2.000,0.02500,12,34,118,27,2022-02-10 13:03:13,"C:/Users/HAL/PycharmProjects/ABM/RESULTS/Łódzkie/Runs=12___Grid_size=(33, 33)___N=751___Customers_in_household=3___Infected_cashiers_at_start=33___Infect_housemates_boolean=0/raw data/Id=0091___Beta_mortality_pair=(0.025, 0.02)___Visibility=0.65.csv"
łódzkie,49.05,False,0.65,2.000,0.02500,12,34,118,22,2022-02-10 12:57:33,"C:/Users/HAL/PycharmProjects/ABM/RESULTS/Łódzkie/Runs=12___Grid_size=(33, 33)___N=751___Customers_in_household=3___Infected_cashiers_at_start=33___Infect_housemates_boolean=0/raw data/Id=0083___Beta_mortality_pair=(0.025, 0.02)___Visibility=0.65.csv"
łódzkie,50.23,False,0.65,2.000,0.02500,12,34,118,23,2022-02-10 12:59:41,"C:/Users/HAL/PycharmProjects/ABM/RESULTS/Łódzkie/Runs=12___Grid_size=(33, 33)___N=751___Customers_in_household=3___Infected_cashiers_at_start=33___Infect_housemates_boolean=0/raw data/Id=0086___Beta_mortality_pair=(0.025, 0.02)___Visibility=0.65.csv"
łódzkie,51.19,False,0.65,2.000,0.02500,12,34,118,26,2022-02-10 13:04:39,"C:/Users/HAL/PycharmProjects/ABM/RESULTS/Łódzkie/Runs=12___Grid_size=(33, 33)___N=751___Customers_in_household=3___Infected_cashiers_at_start=33___Infect_housemates_boolean=0/raw data/Id=0093___Beta_mortality_pair=(0.025, 0.02)___Visibility=0.65.csv"
łódzkie,52.23,False,0.65,2.000,0.02500,12,34,118,25,2022-02-10 22:05:48,"C:/Users/HAL/PycharmProjects/ABM/RESULTS/Łódzkie/Runs=12___Grid_size=(33, 33)___N=751___Customers_in_household=3___Infected_cashiers_at_start=33___Infect_housemates_boolean=0/raw data/Id=0140___Beta_mortality_pair=(0.025, 0.02)___Visibility=0.65.csv"
łódzkie,52.45,False,0.65,3.000,0.02000,12,34,118,24,2022-02-10 12:41:07,"C:/Users/HAL/PycharmProjects/ABM/RESULTS/Łódzkie/Runs=12___Grid_size=(33, 33)___N=751___Customers_in_household=3___Infected_cashiers_at_start=33___Infect_housemates_boolean=0/raw data/Id=0060___Beta_mortality_pair=(0.02, 0.03)___Visibility=0.65.csv"
łódzkie,52.56,False,0.65,2.000,0.02500,12,34,118,25,2022-02-10 18:47:15,"C:/Users/HAL/PycharmProjects/ABM/RESULTS/Łódzkie/Runs=12___Grid_size=(33, 33)___N=751___Customers_in_household=3___Infected_cashiers_at_start=33___Infect_housemates_boolean=0/raw data/Id=0117___Beta_mortality_pair=(0.025, 0.02)___Visibility=0.65.csv"
łódzkie,52.56,False,0.65,2.000,1.02500,12,34,118,25,2022-02-10 18:48:01,"C:/Users/HAL/PycharmProjects/ABM/RESULTS/Łódzkie/Runs=12___Grid_size=(33, 33)___N=751___Customers_in_household=3___Infected_cashiers_at_start=33___Infect_housemates_boolean=0/raw data/Id=0117___Beta_mortality_pair=(0.025, 0.02)___Visibility=0.65.csv"
łódzkie,54.23,False,0.65,1.972,0.02312,12,34,118,24,2022-02-10 22:28:06,"C:/Users/HAL/PycharmProjects/ABM/RESULTS/Łódzkie/Runs=12___Grid_size=(33, 33)___N=751___Customers_in_household=3___Infected_cashiers_at_start=33___Infect_housemates_boolean=0/raw data/Id=0156___Beta_mortality_pair=(0.023, 0.02)___Visibility=0.65.csv"
łódzkie,54.33,False,0.65,2.472,0.02264,12,34,118,27,2022-02-10 12:44:01,"C:/Users/HAL/PycharmProjects/ABM/RESULTS/Łódzkie/Runs=12___Grid_size=(33, 33)___N=751___Customers_in_household=3___Infected_cashiers_at_start=33___Infect_housemates_boolean=0/raw data/Id=0064___Beta_mortality_pair=(0.023, 0.025)___Visibility=0.65.csv"
łódzkie,55.09,False,0.65,1.805,0.02500,12,34,118,25,2022-02-09 23:44:59,"C:/Users/HAL/PycharmProjects/ABM/RESULTS/Łódzkie/Runs=12___Grid_size=(33, 33)___N=751___Customers_in_household=3___Infected_cashiers_at_start=33___Infect_housemates_boolean=0/raw data/Id=0035___Beta_mortality_pair=(0.025, 0.018)___Visibility=0.65.csv"
łódzkie,55.21,False,0.65,1.250,0.02500,12,34,118,9,2022-02-10 18:50:56,"C:/Users/HAL/PycharmProjects/ABM/RESULTS/Łódzkie/Runs=12___Grid_size=(33, 33)___N=751___Customers_in_household=3___Infected_cashiers_at_start=33___Infect_housemates_boolean=0/raw data/Id=0121___Beta_mortality_pair=(0.025, 0.013)___Visibility=0.65.csv"
łódzkie,55.21,False,0.65,1.500,-0.10000,12,34,118,9,2022-02-10 18:51:39,"C:/Users/HAL/PycharmProjects/ABM/RESULTS/Łódzkie/Runs=12___Grid_size=(33, 33)___N=751___Customers_in_household=3___Infected_cashiers_at_start=33___Infect_housemates_boolean=0/raw data/Id=0121___Beta_mortality_pair=(0.025, 0.013)___Visibility=0.65.csv"
łódzkie,56.39,False,0.65,1.439,0.02668,12,34,118,23,2022-02-10 19:00:12,"C:/Users/HAL/PycharmProjects/ABM/RESULTS/Łódzkie/Runs=12___Grid_size=(33, 33)___N=751___Customers_in_household=3___Infected_cashiers_at_start=33___Infect_housemates_boolean=0/raw data/Id=0132___Beta_mortality_pair=(0.027, 0.014)___Visibility=0.65.csv"
łódzkie,57.70,False,0.65,1.440,0.02836,12,34,118,25,2022-02-10 18:59:30,"C:/Users/HAL/PycharmProjects/ABM/RESULTS/Łódzkie/Runs=12___Grid_size=(33, 33)___N=751___Customers_in_household=3___Infected_cashiers_at_start=33___Infect_housemates_boolean=0/raw data/Id=0131___Beta_mortality_pair=(0.028, 0.014)___Visibility=0.65.csv"
łódzkie,58.01,False,0.65,2.027,0.02486,12,34,118,23,2022-02-10 12:51:07,"C:/Users/HAL/PycharmProjects/ABM/RESULTS/Łódzkie/Runs=12___Grid_size=(33, 33)___N=751___Customers_in_household=3___Infected_cashiers_at_start=33___Infect_housemates_boolean=0/raw data/Id=0074___Beta_mortality_pair=(0.025, 0.02)___Visibility=0.65.csv"
łódzkie,59.23,False,0.65,3.000,0.02000,12,34,118,29,2022-02-10 12:42:35,"C:/Users/HAL/PycharmProjects/ABM/RESULTS/Łódzkie/Runs=12___Grid_size=(33, 33)___N=751___Customers_in_household=3___Infected_cashiers_at_start=33___Infect_housemates_boolean=0/raw data/Id=0062___Beta_mortality_pair=(0.02, 0.03)___Visibility=0.65.csv"
łódzkie,59.49,False,0.65,2.004,0.02498,12,34,118,27,2022-02-10 12:55:25,"C:/Users/HAL/PycharmProjects/ABM/RESULTS/Łódzkie/Runs=12___Grid_size=(33, 33)___N=751___Customers_in_household=3___Infected_cashiers_at_start=33___Infect_housemates_boolean=0/raw data/Id=0080___Beta_mortality_pair=(0.025, 0.02)___Visibility=0.65.csv"
łódzkie,60.14,False,0.65,2.027,0.02486,12,34,118,25,2022-02-10 12:49:42,"C:/Users/HAL/PycharmProjects/ABM/RESULTS/Łódzkie/Runs=12___Grid_size=(33, 33)___N=751___Customers_in_household=3___Infected_cashiers_at_start=33___Infect_housemates_boolean=0/raw data/Id=0072___Beta_mortality_pair=(0.025, 0.02)___Visibility=0.65.csv"
łódzkie,60.66,False,0.65,1.000,0.02500,12,34,118,5,2022-02-10 18:49:29,"C:/Users/HAL/PycharmProjects/ABM/RESULTS/Łódzkie/Runs=12___Grid_size=(33, 33)___N=751___Customers_in_household=3___Infected_cashiers_at_start=33___Infect_housemates_boolean=0/raw data/Id=0119___Beta_mortality_pair=(0.025, 0.01)___Visibility=0.65.csv"
łódzkie,60.67,False,0.65,2.000,0.02500,12,34,118,25,2022-02-10 13:05:21,"C:/Users/HAL/PycharmProjects/ABM/RESULTS/Łódzkie/Runs=12___Grid_size=(33, 33)___N=751___Customers_in_household=3___Infected_cashiers_at_start=33___Infect_housemates_boolean=0/raw data/Id=0094___Beta_mortality_pair=(0.025, 0.02)___Visibility=0.65.csv"
łódzkie,62.13,False,0.65,2.063,0.02468,12,34,118,27,2022-02-10 12:47:35,"C:/Users/HAL/PycharmProjects/ABM/RESULTS/Łódzkie/Runs=12___Grid_size=(33, 33)___N=751___Customers_in_household=3___Infected_cashiers_at_start=33___Infect_housemates_boolean=0/raw data/Id=0069___Beta_mortality_pair=(0.025, 0.021)___Visibility=0.65.csv"
łódzkie,64.08,False,0.65,2.000,0.02500,12,34,118,26,2022-02-10 13:01:06,"C:/Users/HAL/PycharmProjects/ABM/RESULTS/Łódzkie/Runs=12___Grid_size=(33, 33)___N=751___Customers_in_household=3___Infected_cashiers_at_start=33___Infect_housemates_boolean=0/raw data/Id=0088___Beta_mortality_pair=(0.025, 0.02)___Visibility=0.65.csv"
łódzkie,64.97,False,0.65,2.100,0.02500,12,34,118,27,2022-02-09 23:44:14,"C:/Users/HAL/PycharmProjects/ABM/RESULTS/Łódzkie/Runs=12___Grid_size=(33, 33)___N=751___Customers_in_household=3___Infected_cashiers_at_start=33___Infect_housemates_boolean=0/raw data/Id=0034___Beta_mortality_pair=(0.025, 0.021)___Visibility=0.65.csv"
łódzkie,66.85,False,0.65,2.000,0.02500,12,34,118,30,2022-02-10 22:23:36,"C:/Users/HAL/PycharmProjects/ABM/RESULTS/Łódzkie/Runs=12___Grid_size=(33, 33)___N=751___Customers_in_household=3___Infected_cashiers_at_start=33___Infect_housemates_boolean=0/raw data/Id=0150___Beta_mortality_pair=(0.025, 0.02)___Visibility=0.65.csv"
łódzkie,66.91,False,0.65,1.437,0.02113,12,34,118,3,2022-02-10 18:58:05,"C:/Users/HAL/PycharmProjects/ABM/RESULTS/Łódzkie/Runs=12___Grid_size=(33, 33)___N=751___Customers_in_household=3___Infected_cashiers_at_start=33___Infect_housemates_boolean=0/raw data/Id=0129___Beta_mortality_pair=(0.021, 0.014)___Visibility=0.65.csv"
łódzkie,66.93,False,0.65,2.063,0.02468,12,34,118,29,2022-02-10 12:49:00,"C:/Users/HAL/PycharmProjects/ABM/RESULTS/Łódzkie/Runs=12___Grid_size=(33, 33)___N=751___Customers_in_household=3___Infected_cashiers_at_start=33___Infect_housemates_boolean=0/raw data/Id=0071___Beta_mortality_pair=(0.025, 0.021)___Visibility=0.65.csv"
łódzkie,68.90,False,0.65,2.000,0.02500,12,34,118,28,2022-02-10 13:00:23,"C:/Users/HAL/PycharmProjects/ABM/RESULTS/Łódzkie/Runs=12___Grid_size=(33, 33)___N=751___Customers_in_household=3___Infected_cashiers_at_start=33___Infect_housemates_boolean=0/raw data/Id=0087___Beta_mortality_pair=(0.025, 0.02)___Visibility=0.65.csv"
łódzkie,71.00,False,0.65,2.000,0.02500,12,34,118,28,2022-02-10 13:12:27,"C:/Users/HAL/PycharmProjects/ABM/RESULTS/Łódzkie/Runs=12___Grid_size=(33, 33)___N=751___Customers_in_household=3___Infected_cashiers_at_start=33___Infect_housemates_boolean=0/raw data/Id=0104___Beta_mortality_pair=(0.025, 0.02)___Visibility=0.65.csv"
łódzkie,71.28,False,0.65,2.000,0.02500,12,34,118,25,2022-02-10 12:36:04,"C:/Users/HAL/PycharmProjects/ABM/RESULTS/Łódzkie/Runs=12___Grid_size=(33, 33)___N=751___Customers_in_household=3___Infected_cashiers_at_start=33___Infect_housemates_boolean=0/raw data/Id=0054___Beta_mortality_pair=(0.025, 0.02)___Visibility=0.65.csv"
łódzkie,73.53,False,0.65,2.027,0.02486,12,34,118,26,2022-02-10 12:50:25,"C:/Users/HAL/PycharmProjects/ABM/RESULTS/Łódzkie/Runs=12___Grid_size=(33, 33)___N=751___Customers_in_household=3___Infected_cashiers_at_start=33___Infect_housemates_boolean=0/raw data/Id=0073___Beta_mortality_pair=(0.025, 0.02)___Visibility=0.65.csv"
łódzkie,73.63,False,0.65,2.000,0.02500,12,34,118,29,2022-02-10 13:03:56,"C:/Users/HAL/PycharmProjects/ABM/RESULTS/Łódzkie/Runs=12___Grid_size=(33, 33)___N=751___Customers_in_household=3___Infected_cashiers_at_start=33___Infect_housemates_boolean=0/raw data/Id=0092___Beta_mortality_pair=(0.025, 0.02)___Visibility=0.65.csv"
łódzkie,74.27,False,0.65,2.000,0.02500,12,34,118,28,2022-02-10 13:08:11,"C:/Users/HAL/PycharmProjects/ABM/RESULTS/Łódzkie/Runs=12___Grid_size=(33, 33)___N=751___Customers_in_household=3___Infected_cashiers_at_start=33___Infect_housemates_boolean=0/raw data/Id=0098___Beta_mortality_pair=(0.025, 0.02)___Visibility=0.65.csv"
łódzkie,75.29,False,0.65,2.000,0.02500,12,34,118,27,2022-02-10 14:13:29,"C:/Users/HAL/PycharmProjects/ABM/RESULTS/Łódzkie/Runs=12___Grid_size=(33, 33)___N=751___Customers_in_household=3___Infected_cashiers_at_start=33___Infect_housemates_boolean=0/raw data/Id=0106___Beta_mortality_pair=(0.025, 0.02)___Visibility=0.65.csv"
łódzkie,75.35,False,0.65,2.472,0.02264,12,34,118,31,2022-02-10 12:44:43,"C:/Users/HAL/PycharmProjects/ABM/RESULTS/Łódzkie/Runs=12___Grid_size=(33, 33)___N=751___Customers_in_household=3___Infected_cashiers_at_start=33___Infect_housemates_boolean=0/raw data/Id=0065___Beta_mortality_pair=(0.023, 0.025)___Visibility=0.65.csv"
łódzkie,76.40,False,0.65,2.111,0.02444,12,34,118,29,2022-02-10 12:45:26,"C:/Users/HAL/PycharmProjects/ABM/RESULTS/Łódzkie/Runs=12___Grid_size=(33, 33)___N=751___Customers_in_household=3___Infected_cashiers_at_start=33___Infect_housemates_boolean=0/raw data/Id=0066___Beta_mortality_pair=(0.024, 0.021)___Visibility=0.65.csv"
łódzkie,76.55,False,0.65,2.000,0.02500,12,34,118,29,2022-02-10 13:13:10,"C:/Users/HAL/PycharmProjects/ABM/RESULTS/Łódzkie/Runs=12___Grid_size=(33, 33)___N=751___Customers_in_household=3___Infected_cashiers_at_start=33___Infect_housemates_boolean=0/raw data/Id=0105___Beta_mortality_pair=(0.025, 0.02)___Visibility=0.65.csv"
łódzkie,76.86,False,0.65,2.000,0.02500,12,34,118,29,2022-02-10 13:01:49,"C:/Users/HAL/PycharmProjects/ABM/RESULTS/Łódzkie/Runs=12___Grid_size=(33, 33)___N=751___Customers_in_household=3___Infected_cashiers_at_start=33___Infect_housemates_boolean=0/raw data/Id=0089___Beta_mortality_pair=(0.025, 0.02)___Visibility=0.65.csv"
łódzkie,79.79,False,0.65,2.000,0.02500,12,34,118,28,2022-02-10 12:34:39,"C:/Users/HAL/PycharmProjects/ABM/RESULTS/Łódzkie/Runs=12___Grid_size=(33, 33)___N=751___Customers_in_household=3___Infected_cashiers_at_start=33___Infect_housemates_boolean=0/raw data/Id=0052___Beta_mortality_pair=(0.025, 0.02)___Visibility=0.65.csv"
łódzkie,81.36,False,0.65,2.000,0.02500,12,34,118,27,2022-02-10 12:35:22,"C:/Users/HAL/PycharmProjects/ABM/RESULTS/Łódzkie/Runs=12___Grid_size=(33, 33)___N=751___Customers_in_household=3___Infected_cashiers_at_start=33___Infect_housemates_boolean=0/raw data/Id=0053___Beta_mortality_pair=(0.025, 0.02)___Visibility=0.65.csv"
łódzkie,81.51,False,0.65,2.004,0.02498,12,34,118,28,2022-02-10 12:54:41,"C:/Users/HAL/PycharmProjects/ABM/RESULTS/Łódzkie/Runs=12___Grid_size=(33, 33)___N=751___Customers_in_household=3___Infected_cashiers_at_start=33___Infect_housemates_boolean=0/raw data/Id=0079___Beta_mortality_pair=(0.025, 0.02)___Visibility=0.65.csv"
łódzkie,81.74,False,0.65,2.472,0.02264,12,34,118,31,2022-02-10 12:43:18,"C:/Users/HAL/PycharmProjects/ABM/RESULTS/Łódzkie/Runs=12___Grid_size=(33, 33)___N=751___Customers_in_household=3___Infected_cashiers_at_start=33___Infect_housemates_boolean=0/raw data/Id=0063___Beta_mortality_pair=(0.023, 0.025)___Visibility=0.65.csv"
łódzkie,81.99,False,0.65,1.923,0.02006,12,34,118,0,2022-02-10 22:08:39,"C:/Users/HAL/PycharmProjects/ABM/RESULTS/Łódzkie/Runs=12___Grid_size=(33, 33)___N=751___Customers_in_household=3___Infected_cashiers_at_start=33___Infect_housemates_boolean=0/raw data/Id=0144___Beta_mortality_pair=(0.02, 0.019)___Visibility=0.65.csv"
łódzkie,83.44,False,0.65,2.000,0.02500,12,34,118,30,2022-02-10 12:56:51,"C:/Users/HAL/PycharmProjects/ABM/RESULTS/Łódzkie/Runs=12___Grid_size=(33, 33)___N=751___Customers_in_household=3___Infected_cashiers_at_start=33___Infect_housemates_boolean=0/raw data/Id=0082___Beta_mortality_pair=(0.025, 0.02)___Visibility=0.65.csv"
łódzkie,83.44,False,0.65,2.000,0.02500,12,34,118,27,2022-02-10 13:02:31,"C:/Users/HAL/PycharmProjects/ABM/RESULTS/Łódzkie/Runs=12___Grid_size=(33, 33)___N=751___Customers_in_household=3___Infected_cashiers_at_start=33___Infect_housemates_boolean=0/raw data/Id=0090___Beta_mortality_pair=(0.025, 0.02)___Visibility=0.65.csv"
łódzkie,84.68,False,0.65,2.000,0.02500,12,34,118,30,2022-02-10 13:11:44,"C:/Users/HAL/PycharmProjects/ABM/RESULTS/Łódzkie/Runs=12___Grid_size=(33, 33)___N=751___Customers_in_household=3___Infected_cashiers_at_start=33___Infect_housemates_boolean=0/raw data/Id=0103___Beta_mortality_pair=(0.025, 0.02)___Visibility=0.65.csv"
łódzkie,88.48,False,0.65,2.008,0.02496,12,34,118,29,2022-02-10 12:51:50,"C:/Users/HAL/PycharmProjects/ABM/RESULTS/Łódzkie/Runs=12___Grid_size=(33, 33)___N=751___Customers_in_household=3___Infected_cashiers_at_start=33___Infect_housemates_boolean=0/raw data/Id=0075___Beta_mortality_pair=(0.025, 0.02)___Visibility=0.65.csv"
łódzkie,89.09,False,0.65,1.737,0.02113,12,34,118,4,2022-02-10 22:26:37,"C:/Users/HAL/PycharmProjects/ABM/RESULTS/Łódzkie/Runs=12___Grid_size=(33, 33)___N=751___Customers_in_household=3___Infected_cashiers_at_start=33___Infect_housemates_boolean=0/raw data/Id=0154___Beta_mortality_pair=(0.021, 0.017)___Visibility=0.65.csv"
łódzkie,89.13,False,0.65,2.000,0.02500,12,34,118,26,2022-02-10 13:11:01,"C:/Users/HAL/PycharmProjects/ABM/RESULTS/Łódzkie/Runs=12___Grid_size=(33, 33)___N=751___Customers_in_household=3___Infected_cashiers_at_start=33___Infect_housemates_boolean=0/raw data/Id=0102___Beta_mortality_pair=(0.025, 0.02)___Visibility=0.65.csv"
łódzkie,89.63,False,0.65,2.000,0.02500,12,34,118,29,2022-02-10 12:58:15,"C:/Users/HAL/PycharmProjects/ABM/RESULTS/Łódzkie/Runs=12___Grid_size=(33, 33)___N=751___Customers_in_household=3___Infected_cashiers_at_start=33___Infect_housemates_boolean=0/raw data/Id=0084___Beta_mortality_pair=(0.025, 0.02)___Visibility=0.65.csv"
łódzkie,90.68,False,0.65,2.000,0.02500,12,34,118,29,2022-02-10 12:58:58,"C:/Users/HAL/PycharmProjects/ABM/RESULTS/Łódzkie/Runs=12___Grid_size=(33, 33)___N=751___Customers_in_household=3___Infected_cashiers_at_start=33___Infect_housemates_boolean=0/raw data/Id=0085___Beta_mortality_pair=(0.025, 0.02)___Visibility=0.65.csv"
łódzkie,91.15,False,0.65,2.248,0.02531,12,34,118,32,2022-02-10 22:10:06,"C:/Users/HAL/PycharmProjects/ABM/RESULTS/Łódzkie/Runs=12___Grid_size=(33, 33)___N=751___Customers_in_household=3___Infected_cashiers_at_start=33___Infect_housemates_boolean=0/raw data/Id=0146___Beta_mortality_pair=(0.025, 0.022)___Visibility=0.65.csv"
łódzkie,96.36,False,0.65,3.740,0.01630,12,34,118,16,2022-02-10 12:38:56,"C:/Users/HAL/PycharmProjects/ABM/RESULTS/Łódzkie/Runs=12___Grid_size=(33, 33)___N=751___Customers_in_household=3___Infected_cashiers_at_start=33___Infect_housemates_boolean=0/raw data/Id=0057___Beta_mortality_pair=(0.016, 0.037)___Visibility=0.65.csv"
łódzkie,96.98,False,0.65,2.000,0.02500,12,34,118,29,2022-02-10 13:10:19,"C:/Users/HAL/PycharmProjects/ABM/RESULTS/Łódzkie/Runs=12___Grid_size=(33, 33)___N=751___Customers_in_household=3___Infected_cashiers_at_start=33___Infect_housemates_boolean=0/raw data/Id=0101___Beta_mortality_pair=(0.025, 0.02)___Visibility=0.65.csv"
łódzkie,97.15,False,0.65,2.004,0.02498,12,34,118,30,2022-02-10 12:53:58,"C:/Users/HAL/PycharmProjects/ABM/RESULTS/Łódzkie/Runs=12___Grid_size=(33, 33)___N=751___Customers_in_household=3___Infected_cashiers_at_start=33___Infect_housemates_boolean=0/raw data/Id=0078___Beta_mortality_pair=(0.025, 0.02)___Visibility=0.65.csv"
łódzkie,100.47,False,0.65,1.764,0.02582,12,34,118,30,2022-02-10 22:09:22,"C:/Users/HAL/PycharmProjects/ABM/RESULTS/Łódzkie/Runs=12___Grid_size=(33, 33)___N=751___Customers_in_household=3___Infected_cashiers_at_start=33___Infect_housemates_boolean=0/raw data/Id=0145___Beta_mortality_pair=(0.026, 0.018)___Visibility=0.65.csv"
łódzkie,107.07,False,0.65,2.063,0.02468,12,34,118,31,2022-02-10 12:48:17,"C:/Users/HAL/PycharmProjects/ABM/RESULTS/Łódzkie/Runs=12___Grid_size=(33, 33)___N=751___Customers_in_household=3___Infected_cashiers_at_start=33___Infect_housemates_boolean=0/raw data/Id=0070___Beta_mortality_pair=(0.025, 0.021)___Visibility=0.65.csv"
łódzkie,107.16,False,0.65,2.250,0.02500,12,34,118,32,2022-02-10 22:25:08,"C:/Users/HAL/PycharmProjects/ABM/RESULTS/Łódzkie/Runs=12___Grid_size=(33, 33)___N=751___Customers_in_household=3___Infected_cashiers_at_start=33___Infect_housemates_boolean=0/raw data/Id=0152___Beta_mortality_pair=(0.025, 0.022)___Visibility=0.65.csv"
łódzkie,107.62,False,0.65,3.740,0.01630,12,34,118,15,2022-02-10 12:39:40,"C:/Users/HAL/PycharmProjects/ABM/RESULTS/Łódzkie/Runs=12___Grid_size=(33, 33)___N=751___Customers_in_household=3___Infected_cashiers_at_start=33___Infect_housemates_boolean=0/raw data/Id=0058___Beta_mortality_pair=(0.016, 0.037)___Visibility=0.65.csv"
łódzkie,109.30,False,0.65,2.008,0.02496,12,34,118,32,2022-02-10 12:53:16,"C:/Users/HAL/PycharmProjects/ABM/RESULTS/Łódzkie/Runs=12___Grid_size=(33, 33)___N=751___Customers_in_household=3___Infected_cashiers_at_start=33___Infect_housemates_boolean=0/raw data/Id=0077___Beta_mortality_pair=(0.025, 0.02)___Visibility=0.65.csv"
łódzkie,109.64,False,0.65,2.000,0.02500,12,34,118,30,2022-02-10 13:09:36,"C:/Users/HAL/PycharmProjects/ABM/RESULTS/Łódzkie/Runs=12___Grid_size=(33, 33)___N=751___Customers_in_household=3___Infected_cashiers_at_start=33___Infect_housemates_boolean=0/raw data/Id=0100___Beta_mortality_pair=(0.025, 0.02)___Visibility=0.65.csv"
łódzkie,118.41,False,0.65,2.000,0.02500,12,34,118,32,2022-02-10 12:56:08,"C:/Users/HAL/PycharmProjects/ABM/RESULTS/Łódzkie/Runs=12___Grid_size=(33, 33)___N=751___Customers_in_household=3___Infected_cashiers_at_start=33___Infect_housemates_boolean=0/raw data/Id=0081___Beta_mortality_pair=(0.025, 0.02)___Visibility=0.65.csv"
łódzkie,123.92,False,0.65,2.000,-0.47500,12,34,118,34,2022-02-10 14:16:19,"C:/Users/HAL/PycharmProjects/ABM/RESULTS/Łódzkie/Runs=12___Grid_size=(33, 33)___N=751___Customers_in_household=3___Infected_cashiers_at_start=33___Infect_housemates_boolean=0/raw data/Id=0108___Beta_mortality_pair=(0.025, 0.03)___Visibility=0.65.csv"
łódzkie,123.92,False,0.65,2.000,-0.97500,12,34,118,34,2022-02-10 14:15:37,"C:/Users/HAL/PycharmProjects/ABM/RESULTS/Łódzkie/Runs=12___Grid_size=(33, 33)___N=751___Customers_in_household=3___Infected_cashiers_at_start=33___Infect_housemates_boolean=0/raw data/Id=0108___Beta_mortality_pair=(0.025, 0.03)___Visibility=0.65.csv"
łódzkie,123.92,False,0.65,3.000,0.02500,12,34,118,34,2022-02-10 14:14:55,"C:/Users/HAL/PycharmProjects/ABM/RESULTS/Łódzkie/Runs=12___Grid_size=(33, 33)___N=751___Customers_in_household=3___Infected_cashiers_at_start=33___Infect_housemates_boolean=0/raw data/Id=0108___Beta_mortality_pair=(0.025, 0.03)___Visibility=0.65.csv"
łódzkie,134.87,False,0.65,2.111,0.02444,12,34,118,31,2022-02-10 12:46:51,"C:/Users/HAL/PycharmProjects/ABM/RESULTS/Łódzkie/Runs=12___Grid_size=(33, 33)___N=751___Customers_in_household=3___Infected_cashiers_at_start=33___Infect_housemates_boolean=0/raw data/Id=0068___Beta_mortality_pair=(0.024, 0.021)___Visibility=0.65.csv"
łódzkie,154.92,False,0.65,1.438,0.03281,12,34,118,32,2022-02-10 18:56:40,"C:/Users/HAL/PycharmProjects/ABM/RESULTS/Łódzkie/Runs=12___Grid_size=(33, 33)___N=751___Customers_in_household=3___Infected_cashiers_at_start=33___Infect_housemates_boolean=0/raw data/Id=0127___Beta_mortality_pair=(0.033, 0.014)___Visibility=0.65.csv"
łódzkie,177.31,False,0.65,3.740,0.01630,12,34,118,4,2022-02-10 12:40:24,"C:/Users/HAL/PycharmProjects/ABM/RESULTS/Łódzkie/Runs=12___Grid_size=(33, 33)___N=751___Customers_in_household=3___Infected_cashiers_at_start=33___Infect_housemates_boolean=0/raw data/Id=0059___Beta_mortality_pair=(0.016, 0.037)___Visibility=0.65.csv"
łódzkie,235.39,False,0.65,2.000,0.02750,12,34,118,34,2022-02-10 22:24:23,"C:/Users/HAL/PycharmProjects/ABM/RESULTS/Łódzkie/Runs=12___Grid_size=(33, 33)___N=751___Customers_in_household=3___Infected_cashiers_at_start=33___Infect_housemates_boolean=0/raw data/Id=0151___Beta_mortality_pair=(0.028, 0.02)___Visibility=0.65.csv"
łódzkie,365.41,False,0.65,3.000,0.02500,12,34,118,34,2022-02-10 22:07:14,"C:/Users/HAL/PycharmProjects/ABM/RESULTS/Łódzkie/Runs=12___Grid_size=(33, 33)___N=751___Customers_in_household=3___Infected_cashiers_at_start=33___Infect_housemates_boolean=0/raw data/Id=0142___Beta_mortality_pair=(0.025, 0.03)___Visibility=0.65.csv"
łódzkie,527.67,False,0.65,1.436,0.01726,12,34,118,-43,2022-02-10 18:57:22,"C:/Users/HAL/PycharmProjects/ABM/RESULTS/Łódzkie/Runs=12___Grid_size=(33, 33)___N=751___Customers_in_household=3___Infected_cashiers_at_start=33___Infect_housemates_boolean=0/raw data/Id=0128___Beta_mortality_pair=(0.017, 0.014)___Visibility=0.65.csv"
łódzkie,684.13,False,0.65,3.000,0.02500,12,34,118,34,2022-02-10 18:48:45,"C:/Users/HAL/PycharmProjects/ABM/RESULTS/Łódzkie/Runs=12___Grid_size=(33, 33)___N=751___Customers_in_household=3___Infected_cashiers_at_start=33___Infect_housemates_boolean=0/raw data/Id=0118___Beta_mortality_pair=(0.025, 0.03)___Visibility=0.65.csv"
łódzkie,923.63,False,0.65,1.847,0.01512,12,34,118,-59,2022-02-10 22:07:56,"C:/Users/HAL/PycharmProjects/ABM/RESULTS/Łódzkie/Runs=12___Grid_size=(33, 33)___N=751___Customers_in_household=3___Infected_cashiers_at_start=33___Infect_housemates_boolean=0/raw data/Id=0143___Beta_mortality_pair=(0.015, 0.018)___Visibility=0.65.csv"
łódzkie,988.58,False,0.65,3.000,0.02500,12,34,118,34,2022-02-10 14:33:35,"C:/Users/HAL/PycharmProjects/ABM/RESULTS/Łódzkie/Runs=12___Grid_size=(33, 33)___N=751___Customers_in_household=3___Infected_cashiers_at_start=33___Infect_housemates_boolean=0/raw data/Id=0112___Beta_mortality_pair=(0.025, 0.03)___Visibility=0.65.csv"
łódzkie,1748.79,False,0.65,1.412,0.04362,12,34,118,34,2022-02-10 18:54:32,"C:/Users/HAL/PycharmProjects/ABM/RESULTS/Łódzkie/Runs=12___Grid_size=(33, 33)___N=751___Customers_in_household=3___Infected_cashiers_at_start=33___Infect_housemates_boolean=0/raw data/Id=0125___Beta_mortality_pair=(0.044, 0.014)___Visibility=0.65.csv"
łódzkie,1748.79,False,0.65,1.410,0.01000,12,34,118,34,2022-02-10 18:55:14,"C:/Users/HAL/PycharmProjects/ABM/RESULTS/Łódzkie/Runs=12___Grid_size=(33, 33)___N=751___Customers_in_household=3___Infected_cashiers_at_start=33___Infect_housemates_boolean=0/raw data/Id=0125___Beta_mortality_pair=(0.044, 0.014)___Visibility=0.65.csv"
łódzkie,1843.05,False,0.65,5.000,0.01000,12,34,118,-131,2022-02-10 12:38:12,"C:/Users/HAL/PycharmProjects/ABM/RESULTS/Łódzkie/Runs=12___Grid_size=(33, 33)___N=751___Customers_in_household=3___Infected_cashiers_at_start=33___Infect_housemates_boolean=0/raw data/Id=0056___Beta_mortality_pair=(0.01, 0.05)___Visibility=0.65.csv"
łódzkie,2064.96,False,0.65,5.000,0.01000,12,34,118,-131,2022-02-10 12:36:46,"C:/Users/HAL/PycharmProjects/ABM/RESULTS/Łódzkie/Runs=12___Grid_size=(33, 33)___N=751___Customers_in_household=3___Infected_cashiers_at_start=33___Infect_housemates_boolean=0/raw data/Id=0055___Beta_mortality_pair=(0.01, 0.05)___Visibility=0.65.csv"
łódzkie,2064.96,False,0.65,5.000,0.01000,12,34,118,-131,2022-02-10 12:37:29,"C:/Users/HAL/PycharmProjects/ABM/RESULTS/Łódzkie/Runs=12___Grid_size=(33, 33)___N=751___Customers_in_household=3___Infected_cashiers_at_start=33___Infect_housemates_boolean=0/raw data/Id=0055___Beta_mortality_pair=(0.01, 0.05)___Visibility=0.65.csv"
łódzkie,2073.87,False,0.65,2.000,0.03500,12,34,118,34,2022-02-10 22:06:31,"C:/Users/HAL/PycharmProjects/ABM/RESULTS/Łódzkie/Runs=12___Grid_size=(33, 33)___N=751___Customers_in_household=3___Infected_cashiers_at_start=33___Infect_housemates_boolean=0/raw data/Id=0141___Beta_mortality_pair=(0.035, 0.02)___Visibility=0.65.csv"
łódzkie,3940.49,False,0.65,1.500,0.01000,12,34,118,-131,2022-02-10 14:35:01,"C:/Users/HAL/PycharmProjects/ABM/RESULTS/Łódzkie/Runs=12___Grid_size=(33, 33)___N=751___Customers_in_household=3___Infected_cashiers_at_start=33___Infect_housemates_boolean=0/raw data/Id=0114___Beta_mortality_pair=(0.01, 0.015)___Visibility=0.65.csv"
łódzkie,3981.56,False,0.65,1.992,-0.09977,12,34,118,-131,2022-02-10 14:36:27,"C:/Users/HAL/PycharmProjects/ABM/RESULTS/Łódzkie/Runs=12___Grid_size=(33, 33)___N=751___Customers_in_household=3___Infected_cashiers_at_start=33___Infect_housemates_boolean=0/raw data/Id=0115___Beta_mortality_pair=(0.01, 0.022)___Visibility=0.65.csv"
łódzkie,3981.56,False,0.65,2.250,0.01000,12,34,118,-131,2022-02-10 14:35:44,"C:/Users/HAL/PycharmProjects/ABM/RESULTS/Łódzkie/Runs=12___Grid_size=(33, 33)___N=751___Customers_in_household=3___Infected_cashiers_at_start=33___Infect_housemates_boolean=0/raw data/Id=0115___Beta_mortality_pair=(0.01, 0.022)___Visibility=0.65.csv"
łódzkie,4695.85,False,0.65,1.000,0.01000,12,34,118,-131,2022-02-10 14:34:18,"C:/Users/HAL/PycharmProjects/ABM/RESULTS/Łódzkie/Runs=12___Grid_size=(33, 33)___N=751___Customers_in_household=3___Infected_cashiers_at_start=33___Infect_housemates_boolean=0/raw data/Id=0113___Beta_mortality_pair=(0.01, 0.01)___Visibility=0.65.csv"
łódzkie,138556.02,False,0.65,1.738,0.10000,12,34,118,34,2022-02-10 18:52:22,"C:/Users/HAL/PycharmProjects/ABM/RESULTS/Łódzkie/Runs=12___Grid_size=(33, 33)___N=751___Customers_in_household=3___Infected_cashiers_at_start=33___Infect_housemates_boolean=0/raw data/Id=0122___Beta_mortality_pair=(0.1, 0.017)___Visibility=0.65.csv"
łódzkie,147288.52,False,0.65,1.600,0.10000,12,34,118,34,2022-02-10 18:53:06,"C:/Users/HAL/PycharmProjects/ABM/RESULTS/Łódzkie/Runs=12___Grid_size=(33, 33)___N=751___Customers_in_household=3___Infected_cashiers_at_start=33___Infect_housemates_boolean=0/raw data/Id=0123___Beta_mortality_pair=(0.1, 0.016)___Visibility=0.65.csv"
łódzkie,225300.07,False,0.65,1.762,0.10000,12,34,118,34,2022-02-10 14:37:11,"C:/Users/HAL/PycharmProjects/ABM/RESULTS/Łódzkie/Runs=12___Grid_size=(33, 33)___N=751___Customers_in_household=3___Infected_cashiers_at_start=33___Infect_housemates_boolean=0/raw data/Id=0116___Beta_mortality_pair=(0.1, 0.018)___Visibility=0.65.csv"
łódzkie,3379989.51,False,0.65,1.888,0.24861,12,34,118,34,2022-02-10 14:17:03,"C:/Users/HAL/PycharmProjects/ABM/RESULTS/Łódzkie/Runs=12___Grid_size=(33, 33)___N=751___Customers_in_household=3___Infected_cashiers_at_start=33___Infect_housemates_boolean=0/raw data/Id=0109___Beta_mortality_pair=(0.249, 0.019)___Visibility=0.65.csv"
łódzkie,11904761.90,False,0.65,2.000,1.02500,12,34,118,34,2022-02-10 14:14:12,"C:/Users/HAL/PycharmProjects/ABM/RESULTS/Łódzkie/Runs=12___Grid_size=(33, 33)___N=751___Customers_in_household=3___Infected_cashiers_at_start=33___Infect_housemates_boolean=0/raw data/Id=0107___Beta_mortality_pair=(1.025, 0.02)___Visibility=0.65.csv"
łódzkie,11904761.90,False,0.65,2.000,1.02500,12,34,118,34,2022-02-10 14:32:52,"C:/Users/HAL/PycharmProjects/ABM/RESULTS/Łódzkie/Runs=12___Grid_size=(33, 33)___N=751___Customers_in_household=3___Infected_cashiers_at_start=33___Infect_housemates_boolean=0/raw data/Id=0111___Beta_mortality_pair=(1.025, 0.02)___Visibility=0.65.csv"
